firstname,lastname,years,team,manager,email
Christy,Rodmann,44,Developers,FALSE,Christy.Rodmann@mailmail.com
Linet,Valerio,11,Recruitment,FALSE,Linet.Valerio@mailmail.com
Binny,Francene,74,Developers,TRUE,Binny.Francene@mailmail.com
Gui,Morehouse,98,developer,NO,Gui.Morehouse@mailmail.com
Gusella,Oneida,28,,TRUE,Gusella.Oneida@mailmail.com
Elsie,Lilybelle,28,Recruitment,FALSE,Elsie.Lilybelle@mailmail.com
Janis,Genna,80,worker,FALSE,Janis.Genna@mailmail.com
Maisey,Lea,36,HR,TRUE,Maisey.Lea@mailmail.com
Emelina,Cosenza,96,,TRUE,Emelina.Cosenza@mailmail.com
Paola,Eugenia,7,HR,TRUE,Paola.Eugenia@mailmail.com
Evita,Hathaway,I love pizza,terminated,Yes,Evita.Hathaway@mailmail.com
Ethel,Agle,39,HR,FALSE,Ethel.Agle@mailmail.com
Katharina,Yoko,3,Recruitment,TRUE,Katharina.Yoko@mailmail.com
Kerrin,Drus,41,Developers,FALSE,Kerrin.Drus@mailmail.com
Marita,Sibyls,19,developer,TRUE,Marita.Sibyls@mailmail.com
Maryellen,Faust,54,Developers,TRUE,Maryellen.Faust@mailmail.com
Bernie,Clara,64,Developers,TRUE,Bernie.Clara@mailmail.com
Jinny,Keelia,87,Recruitment,FALSE,Jinny.Keelia@mailmail.com
Tamqrah,Bach,97,worker,FALSE,Tamqrah.Bach@mailmail.com
Netty,Hermes,73,HR,TRUE,Netty.Hermes@mailmail.com
Joleen,O'Carroll,6,HR,FALSE,Joleen.O'Carroll@mailmail.com
Phedra,Tengdin,92,HR,TRUE,Phedra.Tengdin@mailmail.com
Susette,Cookie,2,developer,TRUE,Susette.Cookie@mailmail.com
Paule,Garlinda,1,worker,FALSE,Paule.Garlinda@mailmail.com
Lynnea,Lubin,79,Recruitment,TRUE,Lynnea.Lubin@mailmail.com
Florencia,McNully,23,Developers,TRUE,Florencia.McNully@mailmail.com
Jacquetta,Drisko,6,Developers,TRUE,Jacquetta.Drisko@mailmail.com
Willetta,Tjon,48,developer,FALSE,Willetta.Tjon@mailmail.com
Annabela,Brieta,73,Recruitment,TRUE,Annabela.Brieta@mailmail.com
Wynne,Parette,1,HR,TRUE,Wynne.Parette@mailmail.com
Julieta,Olympium,94,Developers,FALSE,Julieta.Olympium@mailmail.com
Fidelia,Abernon,62,HR,FALSE,Fidelia.Abernon@mailmail.com
Dominga,Tufts,11,Recruitment,TRUE,Dominga.Tufts@mailmail.com
Berta,Hazlett,95,Developers,TRUE,Berta.Hazlett@mailmail.com
Nadine,Fitzsimmons,47,Developers,FALSE,Nadine.Fitzsimmons@mailmail.com
Angela,McCutcheon,85,worker,FALSE,Angela.McCutcheon@mailmail.com
Benita,Sallyann,13,HR,FALSE,Benita.Sallyann@mailmail.com
Lila,Valerio,58,Recruitment,TRUE,Lila.Valerio@mailmail.com
Gusella,Chrystel,80,Developers,TRUE,Gusella.Chrystel@mailmail.com
Andree,Stanwood,81,HR,TRUE,Andree.Stanwood@mailmail.com
Gavrielle,Seumas,100,HR,TRUE,Gavrielle.Seumas@mailmail.com
Vere,Swigart,62,Recruitment,FALSE,Vere.Swigart@mailmail.com
Belinda,Bluh,31,developer,TRUE,Belinda.Bluh@mailmail.com
Phedra,Strephon,17,Recruitment,FALSE,Phedra.Strephon@mailmail.com
Sibella,Gert,95,worker,TRUE,Sibella.Gert@mailmail.com
Rani,Rosalba,97,HR,FALSE,Rani.Rosalba@mailmail.com
Brynna,Manolo,28,Recruitment,FALSE,Brynna.Manolo@mailmail.com
Rori,Gaynor,58,developer,FALSE,Rori.Gaynor@mailmail.com
Rivalee,Zola,95,Developers,FALSE,Rivalee.Zola@mailmail.com
Emelina,Raffo,23,developer,FALSE,Emelina.Raffo@mailmail.com
Margette,Koziara,80,HR,FALSE,Margette.Koziara@mailmail.com
Rivalee,Nunci,25,developer,FALSE,Rivalee.Nunci@mailmail.com
Allyce,Monk,80,Recruitment,TRUE,Allyce.Monk@mailmail.com
Barbi,Sadowski,38,HR,TRUE,Barbi.Sadowski@mailmail.com
Micheline,Ardra,36,HR,FALSE,Micheline.Ardra@mailmail.com
Nonnah,Prouty,2,Developers,TRUE,Nonnah.Prouty@mailmail.com
Harrietta,Yam,10,developer,FALSE,Harrietta.Yam@mailmail.com
Desirae,Ralfston,60,worker,TRUE,Desirae.Ralfston@mailmail.com
Mellicent,Alice,66,Developers,FALSE,Mellicent.Alice@mailmail.com
Talya,Eliathas,91,developer,FALSE,Talya.Eliathas@mailmail.com
Vanessa,Longfellow,20,Recruitment,TRUE,Vanessa.Longfellow@mailmail.com
Glynnis,Jagir,71,HR,TRUE,Glynnis.Jagir@mailmail.com
Fernande,Chick,99,HR,TRUE,Fernande.Chick@mailmail.com
Kylynn,Loeb,89,developer,TRUE,Kylynn.Loeb@mailmail.com
Deedee,Goldina,59,developer,FALSE,Deedee.Goldina@mailmail.com
Sybille,Philipp,43,Developers,FALSE,Sybille.Philipp@mailmail.com
Winny,Holtz,61,Recruitment,TRUE,Winny.Holtz@mailmail.com
Valli,Mullane,32,HR,TRUE,Valli.Mullane@mailmail.com
Madalyn,Engdahl,3,worker,TRUE,Madalyn.Engdahl@mailmail.com
Beatriz,Azeria,47,Developers,FALSE,Beatriz.Azeria@mailmail.com
Joleen,Naashom,3,developer,TRUE,Joleen.Naashom@mailmail.com
Meg,Latini,16,Developers,TRUE,Meg.Latini@mailmail.com
Benita,Mathilde,58,worker,TRUE,Benita.Mathilde@mailmail.com
Brianna,Nance,2,worker,TRUE,Brianna.Nance@mailmail.com
Yolane,Rosette,98,HR,TRUE,Yolane.Rosette@mailmail.com
Myriam,Lindemann,49,worker,TRUE,Myriam.Lindemann@mailmail.com
Lelah,Iiette,32,developer,TRUE,Lelah.Iiette@mailmail.com
Cathyleen,Candy,20,Recruitment,TRUE,Cathyleen.Candy@mailmail.com
Angela,Emmaline,89,developer,TRUE,Angela.Emmaline@mailmail.com
Celestyna,Rurik,17,Developers,TRUE,Celestyna.Rurik@mailmail.com
Brynna,Sholley,78,Recruitment,FALSE,Brynna.Sholley@mailmail.com
Glynnis,Raul,40,developer,FALSE,Glynnis.Raul@mailmail.com
Jillayne,Tound,87,Recruitment,FALSE,Jillayne.Tound@mailmail.com
Edyth,Loeb,5,Developers,TRUE,Edyth.Loeb@mailmail.com
Valera,Kalinda,43,developer,TRUE,Valera.Kalinda@mailmail.com
Vere,Aldric,79,Recruitment,TRUE,Vere.Aldric@mailmail.com
Averyl,Aldric,36,Recruitment,TRUE,Averyl.Aldric@mailmail.com
Charissa,Vivle,72,worker,FALSE,Charissa.Vivle@mailmail.com
Fina,Bettine,85,worker,TRUE,Fina.Bettine@mailmail.com
Clementine,Lay,78,Recruitment,FALSE,Clementine.Lay@mailmail.com
Cathyleen,Bartlett,46,Developers,TRUE,Cathyleen.Bartlett@mailmail.com
Blondelle,Casimir,62,HR,TRUE,Blondelle.Casimir@mailmail.com
Sheelagh,Chauncey,9,HR,TRUE,Sheelagh.Chauncey@mailmail.com
Lexine,Sherrie,5,developer,TRUE,Lexine.Sherrie@mailmail.com
Wileen,Teddman,71,Developers,TRUE,Wileen.Teddman@mailmail.com
Mara,Rad,85,worker,TRUE,Mara.Rad@mailmail.com
Bobinette,Denis,91,Recruitment,TRUE,Bobinette.Denis@mailmail.com
Chloris,Even,82,Developers,TRUE,Chloris.Even@mailmail.com
Jasmina,Wattenberg,29,Recruitment,TRUE,Jasmina.Wattenberg@mailmail.com
Celene,Desai,13,HR,FALSE,Celene.Desai@mailmail.com
Corly,Parsaye,85,Developers,FALSE,Corly.Parsaye@mailmail.com
Delilah,Timon,4,Developers,FALSE,Delilah.Timon@mailmail.com
Violet,Girardo,49,Recruitment,FALSE,Violet.Girardo@mailmail.com
Josephine,Chesna,81,Developers,FALSE,Josephine.Chesna@mailmail.com
Babita,Bevin,61,Recruitment,FALSE,Babita.Bevin@mailmail.com
Brena,Croix,50,worker,TRUE,Brena.Croix@mailmail.com
Elie,Sholley,50,HR,TRUE,Elie.Sholley@mailmail.com
Kathy,Arvo,37,Developers,TRUE,Kathy.Arvo@mailmail.com
Nyssa,Fontana,12,Recruitment,TRUE,Nyssa.Fontana@mailmail.com
Ira,Emerson,13,developer,FALSE,Ira.Emerson@mailmail.com
Deirdre,Breed,85,worker,TRUE,Deirdre.Breed@mailmail.com
Chandra,Nisbet,15,HR,TRUE,Chandra.Nisbet@mailmail.com
Valera,Blake,65,developer,TRUE,Valera.Blake@mailmail.com
Constance,Telfer,44,HR,TRUE,Constance.Telfer@mailmail.com
Janey,Wattenberg,70,worker,FALSE,Janey.Wattenberg@mailmail.com
Edee,Jerald,57,Recruitment,TRUE,Edee.Jerald@mailmail.com
Yvonne,Olnee,70,Developers,TRUE,Yvonne.Olnee@mailmail.com
Annice,Decato,72,Recruitment,TRUE,Annice.Decato@mailmail.com
Jinny,Chinua,99,developer,FALSE,Jinny.Chinua@mailmail.com
Oona,Catie,6,worker,TRUE,Oona.Catie@mailmail.com
Darci,Bryna,96,Developers,FALSE,Darci.Bryna@mailmail.com
Merrie,Jillane,27,Developers,FALSE,Merrie.Jillane@mailmail.com
Dania,Emmy,1,Recruitment,FALSE,Dania.Emmy@mailmail.com
Sybille,Thunell,98,worker,FALSE,Sybille.Thunell@mailmail.com
Queenie,Brodench,33,Recruitment,FALSE,Queenie.Brodench@mailmail.com
Shandie,Koziara,17,Recruitment,TRUE,Shandie.Koziara@mailmail.com
Amelia,Margarete,30,worker,FALSE,Amelia.Margarete@mailmail.com
Gianina,Seligman,88,Recruitment,TRUE,Gianina.Seligman@mailmail.com
Latisha,Rolf,21,worker,FALSE,Latisha.Rolf@mailmail.com
Blake,Friede,32,Developers,FALSE,Blake.Friede@mailmail.com
Heddie,Barbey,14,worker,FALSE,Heddie.Barbey@mailmail.com
Laure,Ricki,72,HR,TRUE,Laure.Ricki@mailmail.com
Jacenta,Fink,43,Recruitment,FALSE,Jacenta.Fink@mailmail.com
Lacie,Braun,74,developer,FALSE,Lacie.Braun@mailmail.com
Abbie,Fancie,18,HR,TRUE,Abbie.Fancie@mailmail.com
Correy,Cleo,67,HR,TRUE,Correy.Cleo@mailmail.com
Ericka,Granoff,69,developer,TRUE,Ericka.Granoff@mailmail.com
Lenna,Cassius,45,Developers,TRUE,Lenna.Cassius@mailmail.com
Gusty,Nisbet,38,HR,TRUE,Gusty.Nisbet@mailmail.com
Shannah,Yuille,26,Developers,FALSE,Shannah.Yuille@mailmail.com
Tiffie,Virgin,61,HR,FALSE,Tiffie.Virgin@mailmail.com
Penelopa,Pitt,23,HR,TRUE,Penelopa.Pitt@mailmail.com
Florie,Danby,99,Recruitment,FALSE,Florie.Danby@mailmail.com
Elora,Rocray,97,Developers,FALSE,Elora.Rocray@mailmail.com
Cyb,Japeth,53,HR,FALSE,Cyb.Japeth@mailmail.com
Cristine,Lanita,4,Recruitment,TRUE,Cristine.Lanita@mailmail.com
Sharlene,Mayeda,9,Recruitment,TRUE,Sharlene.Mayeda@mailmail.com
Myrtice,Roarke,25,developer,FALSE,Myrtice.Roarke@mailmail.com
Moyna,Nester,52,developer,FALSE,Moyna.Nester@mailmail.com
Ninnetta,Isacco,68,Recruitment,TRUE,Ninnetta.Isacco@mailmail.com
Perry,Ilka,91,HR,FALSE,Perry.Ilka@mailmail.com
Tonia,Edee,33,developer,FALSE,Tonia.Edee@mailmail.com
Sibella,Merriott,56,HR,TRUE,Sibella.Merriott@mailmail.com
Anallese,Clara,65,Recruitment,TRUE,Anallese.Clara@mailmail.com
Steffane,Jobi,84,Developers,TRUE,Steffane.Jobi@mailmail.com
Brianna,Ferino,2,HR,FALSE,Brianna.Ferino@mailmail.com
Nerta,Capello,34,Recruitment,TRUE,Nerta.Capello@mailmail.com
Harmonia,Abernon,3,developer,FALSE,Harmonia.Abernon@mailmail.com
Genovera,Craggie,93,HR,TRUE,Genovera.Craggie@mailmail.com
Jsandye,Margret,86,Recruitment,TRUE,Jsandye.Margret@mailmail.com
Anestassia,Mandler,16,developer,FALSE,Anestassia.Mandler@mailmail.com
Blinni,Ranjiv,29,Recruitment,TRUE,Blinni.Ranjiv@mailmail.com
Marti,Whiffen,58,Recruitment,TRUE,Marti.Whiffen@mailmail.com
Annabela,Gert,24,Developers,FALSE,Annabela.Gert@mailmail.com
Layla,Tannie,86,Recruitment,TRUE,Layla.Tannie@mailmail.com
Liana,Marijo,47,worker,FALSE,Liana.Marijo@mailmail.com
Deirdre,Kimmie,64,HR,TRUE,Deirdre.Kimmie@mailmail.com
Evaleen,Stephie,11,Recruitment,TRUE,Evaleen.Stephie@mailmail.com
Gui,Millda,71,HR,FALSE,Gui.Millda@mailmail.com
Marti,Weaks,86,Recruitment,TRUE,Marti.Weaks@mailmail.com
Gisela,Berne,46,HR,FALSE,Gisela.Berne@mailmail.com
Georgetta,Tomasina,99,Recruitment,FALSE,Georgetta.Tomasina@mailmail.com
Nita,Gabrielli,30,HR,TRUE,Nita.Gabrielli@mailmail.com
Jaime,Woodberry,70,Recruitment,TRUE,Jaime.Woodberry@mailmail.com
Dawn,Carbo,100,worker,FALSE,Dawn.Carbo@mailmail.com
Marguerite,Rossner,18,Developers,FALSE,Marguerite.Rossner@mailmail.com
Maud,Alfons,52,Recruitment,FALSE,Maud.Alfons@mailmail.com
Gratia,Carlson,29,Recruitment,TRUE,Gratia.Carlson@mailmail.com
Feliza,Stacy,94,HR,FALSE,Feliza.Stacy@mailmail.com
Elora,Jacqui,75,HR,FALSE,Elora.Jacqui@mailmail.com
Moyna,Nelsen,95,HR,FALSE,Moyna.Nelsen@mailmail.com
Ardeen,Tiffa,78,Developers,TRUE,Ardeen.Tiffa@mailmail.com
Leanna,Tayib,87,developer,FALSE,Leanna.Tayib@mailmail.com
Myrtice,Lilybelle,67,worker,FALSE,Myrtice.Lilybelle@mailmail.com
Nananne,Demitria,52,Recruitment,TRUE,Nananne.Demitria@mailmail.com
Sandie,Irmine,3,worker,TRUE,Sandie.Irmine@mailmail.com
Rosaline,Dorothy,75,Developers,TRUE,Rosaline.Dorothy@mailmail.com
Sabina,Alrich,95,HR,FALSE,Sabina.Alrich@mailmail.com
Danny,Weaks,5,HR,TRUE,Danny.Weaks@mailmail.com
Arlena,Dannye,9,HR,FALSE,Arlena.Dannye@mailmail.com
Evita,Suk,90,developer,FALSE,Evita.Suk@mailmail.com
Mallory,Gaspard,44,worker,FALSE,Mallory.Gaspard@mailmail.com
Renae,Ajay,72,Developers,TRUE,Renae.Ajay@mailmail.com
Kial,Malvino,51,Recruitment,TRUE,Kial.Malvino@mailmail.com
Damaris,Ellerey,31,Developers,TRUE,Damaris.Ellerey@mailmail.com
Mallory,Fillbert,69,Recruitment,TRUE,Mallory.Fillbert@mailmail.com
Madeleine,Hollingsworth,25,Developers,FALSE,Madeleine.Hollingsworth@mailmail.com
Mignon,Linskey,42,developer,FALSE,Mignon.Linskey@mailmail.com
Jaclyn,Lanita,89,developer,TRUE,Jaclyn.Lanita@mailmail.com
Shannah,Nea,100,Recruitment,TRUE,Shannah.Nea@mailmail.com
Ruthe,Madaih,99,Recruitment,TRUE,Ruthe.Madaih@mailmail.com
Edee,Berne,80,HR,FALSE,Edee.Berne@mailmail.com
Jordan,Robertson,44,developer,FALSE,Jordan.Robertson@mailmail.com
Albertina,Kalinda,7,Developers,FALSE,Albertina.Kalinda@mailmail.com
Antonietta,Campball,40,HR,FALSE,Antonietta.Campball@mailmail.com
Codie,Edvard,50,Developers,TRUE,Codie.Edvard@mailmail.com
Desirae,Judye,26,Developers,FALSE,Desirae.Judye@mailmail.com
Deloria,Lytton,69,HR,TRUE,Deloria.Lytton@mailmail.com
Penelopa,Vary,83,Developers,FALSE,Penelopa.Vary@mailmail.com
Ernesta,Bonilla,6,HR,TRUE,Ernesta.Bonilla@mailmail.com
Belinda,Breed,43,worker,TRUE,Belinda.Breed@mailmail.com
Amara,Celestine,87,worker,FALSE,Amara.Celestine@mailmail.com
Liana,Cherianne,93,Developers,FALSE,Liana.Cherianne@mailmail.com
Pollyanna,Horan,83,developer,FALSE,Pollyanna.Horan@mailmail.com
Gertrud,Rozanna,40,Developers,TRUE,Gertrud.Rozanna@mailmail.com
Netty,Donoghue,30,Recruitment,TRUE,Netty.Donoghue@mailmail.com
Rivalee,Kelula,83,HR,TRUE,Rivalee.Kelula@mailmail.com
Melisent,Ariella,19,Developers,FALSE,Melisent.Ariella@mailmail.com
Charlena,Edmund,40,developer,FALSE,Charlena.Edmund@mailmail.com
Blinni,Carleen,35,worker,FALSE,Blinni.Carleen@mailmail.com
Constance,Toor,66,Recruitment,TRUE,Constance.Toor@mailmail.com
Elora,Lilas,29,developer,FALSE,Elora.Lilas@mailmail.com
Bobinette,Bertold,71,Recruitment,TRUE,Bobinette.Bertold@mailmail.com
Elsie,Azeria,13,Recruitment,TRUE,Elsie.Azeria@mailmail.com
Merry,Hull,3,Developers,TRUE,Merry.Hull@mailmail.com
Kirstin,Andrel,48,worker,FALSE,Kirstin.Andrel@mailmail.com
Aaren,Astra,70,Recruitment,TRUE,Aaren.Astra@mailmail.com
Christy,Travax,75,HR,TRUE,Christy.Travax@mailmail.com
Caressa,Malvino,35,Developers,FALSE,Caressa.Malvino@mailmail.com
Tobe,Ammann,4,Developers,TRUE,Tobe.Ammann@mailmail.com
Melina,Chaing,4,developer,TRUE,Melina.Chaing@mailmail.com
Olwen,Lewes,47,developer,FALSE,Olwen.Lewes@mailmail.com
Dotty,Wandie,45,Recruitment,FALSE,Dotty.Wandie@mailmail.com
Sharai,Sikorski,39,Recruitment,FALSE,Sharai.Sikorski@mailmail.com
Peri,Presber,89,Developers,TRUE,Peri.Presber@mailmail.com
Michaelina,Suanne,16,worker,FALSE,Michaelina.Suanne@mailmail.com
Beverley,Buckler,7,worker,FALSE,Beverley.Buckler@mailmail.com
Annabela,Ingra,86,Recruitment,FALSE,Annabela.Ingra@mailmail.com
Suzette,Rhu,50,Recruitment,FALSE,Suzette.Rhu@mailmail.com
Christy,Ader,3,worker,FALSE,Christy.Ader@mailmail.com
Albertina,Lytton,99,HR,TRUE,Albertina.Lytton@mailmail.com
Feliza,Bahr,63,HR,FALSE,Feliza.Bahr@mailmail.com
Deane,Georgy,74,Recruitment,TRUE,Deane.Georgy@mailmail.com
Fina,Allina,84,HR,TRUE,Fina.Allina@mailmail.com
Cherrita,Wiener,58,Developers,TRUE,Cherrita.Wiener@mailmail.com
Robbi,Ophelia,83,worker,TRUE,Robbi.Ophelia@mailmail.com
Millie,Kannry,93,worker,TRUE,Millie.Kannry@mailmail.com
Kaia,Roche,18,worker,FALSE,Kaia.Roche@mailmail.com
Mara,Billye,13,developer,FALSE,Mara.Billye@mailmail.com
Justinn,Seessel,39,HR,TRUE,Justinn.Seessel@mailmail.com
Thalia,Madelene,33,developer,TRUE,Thalia.Madelene@mailmail.com
Krystle,Bonucci,83,developer,TRUE,Krystle.Bonucci@mailmail.com
Dotty,Tillford,89,worker,TRUE,Dotty.Tillford@mailmail.com
Barbara,Sophronia,40,HR,FALSE,Barbara.Sophronia@mailmail.com
Beth,Riva,16,worker,FALSE,Beth.Riva@mailmail.com
Keelia,Desai,91,developer,FALSE,Keelia.Desai@mailmail.com
Josephine,Pond,8,worker,FALSE,Josephine.Pond@mailmail.com
Jobi,Malina,73,HR,TRUE,Jobi.Malina@mailmail.com
Flo,Hailee,13,Recruitment,FALSE,Flo.Hailee@mailmail.com
Celisse,Edmund,98,Recruitment,FALSE,Celisse.Edmund@mailmail.com
Vonny,Hepsibah,65,Developers,FALSE,Vonny.Hepsibah@mailmail.com
Laurene,Autrey,50,HR,FALSE,Laurene.Autrey@mailmail.com
Max,Nicoline,64,Developers,TRUE,Max.Nicoline@mailmail.com
Rhea,Angelis,100,HR,TRUE,Rhea.Angelis@mailmail.com
Cathie,Kiyoshi,89,Recruitment,TRUE,Cathie.Kiyoshi@mailmail.com
Lorne,Nicoline,89,Recruitment,FALSE,Lorne.Nicoline@mailmail.com
Zaria,Oscar,74,HR,FALSE,Zaria.Oscar@mailmail.com
Dennie,Howlyn,84,worker,FALSE,Dennie.Howlyn@mailmail.com
Bee,Nore,2,developer,TRUE,Bee.Nore@mailmail.com
Vivia,Barbey,14,Developers,FALSE,Vivia.Barbey@mailmail.com
Sidoney,Gordon,59,developer,FALSE,Sidoney.Gordon@mailmail.com
Randa,Brittani,12,developer,TRUE,Randa.Brittani@mailmail.com
Selma,Audly,61,developer,TRUE,Selma.Audly@mailmail.com
Elsie,Bashemeth,6,worker,TRUE,Elsie.Bashemeth@mailmail.com
Lacie,Koziara,40,Developers,TRUE,Lacie.Koziara@mailmail.com
Edee,Ingra,34,Recruitment,TRUE,Edee.Ingra@mailmail.com
Nataline,Codding,62,worker,FALSE,Nataline.Codding@mailmail.com
Berta,Ferrell,15,worker,TRUE,Berta.Ferrell@mailmail.com
Bertine,Mandler,83,worker,FALSE,Bertine.Mandler@mailmail.com
Jasmina,Adore,33,worker,FALSE,Jasmina.Adore@mailmail.com
Mellicent,Quinn,76,HR,FALSE,Mellicent.Quinn@mailmail.com
Marnia,Adlare,32,Developers,FALSE,Marnia.Adlare@mailmail.com
Amalie,Brandice,14,Recruitment,FALSE,Amalie.Brandice@mailmail.com
Elvira,Eugenia,11,worker,TRUE,Elvira.Eugenia@mailmail.com
Michaelina,Winthorpe,82,developer,TRUE,Michaelina.Winthorpe@mailmail.com
Bill,Wyn,79,Recruitment,TRUE,Bill.Wyn@mailmail.com
Blake,Jethro,66,worker,TRUE,Blake.Jethro@mailmail.com
Valera,Edison,1,HR,FALSE,Valera.Edison@mailmail.com
Joeann,Irmine,81,Developers,TRUE,Joeann.Irmine@mailmail.com
Margette,Lacombe,43,Recruitment,TRUE,Margette.Lacombe@mailmail.com
Gerianna,Chauncey,86,HR,TRUE,Gerianna.Chauncey@mailmail.com
Nonnah,Bryna,80,Developers,FALSE,Nonnah.Bryna@mailmail.com
Deane,Dimitris,34,developer,FALSE,Deane.Dimitris@mailmail.com
Hermione,Johanna,96,Recruitment,FALSE,Hermione.Johanna@mailmail.com
Marline,Wildermuth,93,worker,TRUE,Marline.Wildermuth@mailmail.com
Jeanna,Luhe,34,Recruitment,FALSE,Jeanna.Luhe@mailmail.com
Dianemarie,Fleeta,88,HR,TRUE,Dianemarie.Fleeta@mailmail.com
Katharina,Schonfeld,10,developer,FALSE,Katharina.Schonfeld@mailmail.com
Leeanne,Wu,16,Recruitment,TRUE,Leeanne.Wu@mailmail.com
Gertrud,Monaco,15,Developers,TRUE,Gertrud.Monaco@mailmail.com
Stevana,Alexandr,63,Recruitment,TRUE,Stevana.Alexandr@mailmail.com
Kial,Lay,15,Developers,FALSE,Kial.Lay@mailmail.com
Jessy,Paton,78,Developers,TRUE,Jessy.Paton@mailmail.com
Clary,Sancho,67,developer,TRUE,Clary.Sancho@mailmail.com
Lita,Wittie,3,developer,TRUE,Lita.Wittie@mailmail.com
Alyda,Frendel,9,developer,FALSE,Alyda.Frendel@mailmail.com
Talya,Granoff,95,HR,TRUE,Talya.Granoff@mailmail.com
Brana,Jefferey,15,HR,FALSE,Brana.Jefferey@mailmail.com
Jessamyn,Trey,5,Recruitment,TRUE,Jessamyn.Trey@mailmail.com
Sabina,Jillane,12,Developers,FALSE,Sabina.Jillane@mailmail.com
Pierette,Roumell,42,HR,FALSE,Pierette.Roumell@mailmail.com
Charlena,Loring,11,HR,FALSE,Charlena.Loring@mailmail.com
Kellen,Schalles,91,worker,TRUE,Kellen.Schalles@mailmail.com
Kirbee,Callista,80,Recruitment,FALSE,Kirbee.Callista@mailmail.com
Arlina,Arquit,18,Developers,TRUE,Arlina.Arquit@mailmail.com
Joelly,Goth,31,worker,FALSE,Joelly.Goth@mailmail.com
Bernardine,Fax,25,HR,FALSE,Bernardine.Fax@mailmail.com
Aili,Jobi,28,developer,TRUE,Aili.Jobi@mailmail.com
Doralynne,Ailyn,18,Developers,FALSE,Doralynne.Ailyn@mailmail.com
Netty,Muriel,33,worker,FALSE,Netty.Muriel@mailmail.com
Feliza,Dowski,47,worker,FALSE,Feliza.Dowski@mailmail.com
Gilda,Poll,89,Developers,TRUE,Gilda.Poll@mailmail.com
Amelia,Maurine,78,worker,FALSE,Amelia.Maurine@mailmail.com
Taffy,Zitvaa,93,worker,FALSE,Taffy.Zitvaa@mailmail.com
Raquela,Bandeen,71,developer,TRUE,Raquela.Bandeen@mailmail.com
Caressa,Aldric,53,HR,FALSE,Caressa.Aldric@mailmail.com
Vinita,Adore,66,Recruitment,TRUE,Vinita.Adore@mailmail.com
Kittie,Hieronymus,10,HR,TRUE,Kittie.Hieronymus@mailmail.com
Gretal,Wittie,71,Developers,TRUE,Gretal.Wittie@mailmail.com
Mellicent,Truc,38,Developers,TRUE,Mellicent.Truc@mailmail.com
Pearline,Ambrosia,58,developer,FALSE,Pearline.Ambrosia@mailmail.com
Tilly,Tarrant,37,HR,TRUE,Tilly.Tarrant@mailmail.com
Rochette,Clarissa,46,worker,TRUE,Rochette.Clarissa@mailmail.com
Leona,Delila,74,developer,FALSE,Leona.Delila@mailmail.com
Tracey,Girardo,56,worker,FALSE,Tracey.Girardo@mailmail.com
Therine,Skell,96,developer,TRUE,Therine.Skell@mailmail.com
Madeleine,Vanni,21,HR,TRUE,Madeleine.Vanni@mailmail.com
Daune,Delp,66,HR,FALSE,Daune.Delp@mailmail.com
Bettine,Marcellus,65,HR,FALSE,Bettine.Marcellus@mailmail.com
Kelly,Rustice,40,Recruitment,TRUE,Kelly.Rustice@mailmail.com
Deane,Ade,12,worker,TRUE,Deane.Ade@mailmail.com
Hermione,Alarise,32,Developers,TRUE,Hermione.Alarise@mailmail.com
Averyl,Bates,94,Developers,FALSE,Averyl.Bates@mailmail.com
Hayley,Serilda,67,Developers,TRUE,Hayley.Serilda@mailmail.com
Ivett,Lubin,7,HR,FALSE,Ivett.Lubin@mailmail.com
Aurore,Leler,69,developer,FALSE,Aurore.Leler@mailmail.com
Maurene,Hull,74,HR,TRUE,Maurene.Hull@mailmail.com
Frances,Bandeen,75,worker,FALSE,Frances.Bandeen@mailmail.com
Charissa,Gherardo,93,worker,FALSE,Charissa.Gherardo@mailmail.com
Amara,Brunell,56,HR,TRUE,Amara.Brunell@mailmail.com
Annaliese,Darian,40,Developers,TRUE,Annaliese.Darian@mailmail.com
Ingrid,Yerkovich,84,worker,TRUE,Ingrid.Yerkovich@mailmail.com
Rosaline,Devlen,68,Recruitment,TRUE,Rosaline.Devlen@mailmail.com
Leontine,Croix,67,Developers,TRUE,Leontine.Croix@mailmail.com
Roslyn,Fry,74,HR,FALSE,Roslyn.Fry@mailmail.com
Doralynne,Flyn,57,Recruitment,TRUE,Doralynne.Flyn@mailmail.com
Ellette,Bakerman,99,developer,FALSE,Ellette.Bakerman@mailmail.com
Celene,Alwin,90,Developers,TRUE,Celene.Alwin@mailmail.com
Tina,Infield,47,HR,TRUE,Tina.Infield@mailmail.com
Constance,Rese,67,Recruitment,FALSE,Constance.Rese@mailmail.com
Dolli,Revkah,67,Developers,TRUE,Dolli.Revkah@mailmail.com
Ernesta,Bates,36,worker,TRUE,Ernesta.Bates@mailmail.com
Maud,Kirbee,88,HR,TRUE,Maud.Kirbee@mailmail.com
Kimmy,Toffic,10,Recruitment,FALSE,Kimmy.Toffic@mailmail.com
Chloris,Bandeen,85,worker,TRUE,Chloris.Bandeen@mailmail.com
Lisette,Delacourt,22,HR,TRUE,Lisette.Delacourt@mailmail.com
Wileen,Brunell,65,developer,FALSE,Wileen.Brunell@mailmail.com
Anestassia,Lorain,9,worker,FALSE,Anestassia.Lorain@mailmail.com
Alisha,Kaete,3,worker,FALSE,Alisha.Kaete@mailmail.com
Tobe,Ursulette,74,HR,FALSE,Tobe.Ursulette@mailmail.com
Lizzie,Claudine,63,worker,FALSE,Lizzie.Claudine@mailmail.com
Marline,Ledah,38,worker,FALSE,Marline.Ledah@mailmail.com
Lenna,An,36,HR,TRUE,Lenna.An@mailmail.com
Steffane,Manolo,58,worker,FALSE,Steffane.Manolo@mailmail.com
Pamella,Woodberry,2,Recruitment,FALSE,Pamella.Woodberry@mailmail.com
Olwen,Maxi,34,Recruitment,TRUE,Olwen.Maxi@mailmail.com
Blondelle,August,47,worker,TRUE,Blondelle.August@mailmail.com
Julieta,Sharl,78,HR,FALSE,Julieta.Sharl@mailmail.com
Debee,Uird,16,developer,TRUE,Debee.Uird@mailmail.com
Raina,Raffo,19,developer,FALSE,Raina.Raffo@mailmail.com
Nicoli,Mitzi,94,Recruitment,TRUE,Nicoli.Mitzi@mailmail.com
Veda,Deny,2,HR,FALSE,Veda.Deny@mailmail.com
Marti,Thema,92,Developers,FALSE,Marti.Thema@mailmail.com
Doralynne,Raychel,76,worker,TRUE,Doralynne.Raychel@mailmail.com
Jinny,Geffner,67,worker,FALSE,Jinny.Geffner@mailmail.com
Almeta,Bord,5,HR,FALSE,Almeta.Bord@mailmail.com
Ebonee,Belldas,22,Recruitment,FALSE,Ebonee.Belldas@mailmail.com
Millie,Constancy,56,Recruitment,FALSE,Millie.Constancy@mailmail.com
Nanete,Gahl,25,Recruitment,FALSE,Nanete.Gahl@mailmail.com
Damaris,Louanna,35,Developers,FALSE,Damaris.Louanna@mailmail.com
Angela,Paine,24,HR,TRUE,Angela.Paine@mailmail.com
Beth,Rosemary,46,worker,TRUE,Beth.Rosemary@mailmail.com
Leia,Katrine,42,developer,TRUE,Leia.Katrine@mailmail.com
Melisent,Carey,20,Recruitment,FALSE,Melisent.Carey@mailmail.com
Ardeen,Kiyoshi,13,Developers,TRUE,Ardeen.Kiyoshi@mailmail.com
Cindelyn,Jacqui,52,HR,TRUE,Cindelyn.Jacqui@mailmail.com
Angela,Jacinda,87,HR,TRUE,Angela.Jacinda@mailmail.com
Elena,Vernier,25,Developers,TRUE,Elena.Vernier@mailmail.com
Julieta,Roarke,81,developer,TRUE,Julieta.Roarke@mailmail.com
Wanda,Raffo,54,developer,FALSE,Wanda.Raffo@mailmail.com
Maridel,Mich,28,developer,TRUE,Maridel.Mich@mailmail.com
Fredericka,Vilma,70,HR,TRUE,Fredericka.Vilma@mailmail.com
Ardys,Merna,68,Developers,TRUE,Ardys.Merna@mailmail.com
Vere,Lay,35,Recruitment,FALSE,Vere.Lay@mailmail.com
Dianemarie,Goldina,18,Recruitment,TRUE,Dianemarie.Goldina@mailmail.com
Arlina,Bearnard,7,Recruitment,FALSE,Arlina.Bearnard@mailmail.com
Adore,Mullane,73,HR,FALSE,Adore.Mullane@mailmail.com
Gui,Neils,35,Recruitment,TRUE,Gui.Neils@mailmail.com
Pearline,Toffic,44,HR,FALSE,Pearline.Toffic@mailmail.com
Rivalee,Oneida,86,worker,FALSE,Rivalee.Oneida@mailmail.com
Genevra,Weaks,24,worker,TRUE,Genevra.Weaks@mailmail.com
Maridel,Destinee,10,worker,FALSE,Maridel.Destinee@mailmail.com
Annaliese,Truc,48,Developers,FALSE,Annaliese.Truc@mailmail.com
Almeta,Burch,34,developer,TRUE,Almeta.Burch@mailmail.com
Heddie,Hoban,5,Developers,TRUE,Heddie.Hoban@mailmail.com
Georgina,Garek,45,Developers,TRUE,Georgina.Garek@mailmail.com
Katharina,Sekofski,64,developer,FALSE,Katharina.Sekofski@mailmail.com
Grier,Shelba,84,Developers,FALSE,Grier.Shelba@mailmail.com
Rori,Ogren,53,worker,FALSE,Rori.Ogren@mailmail.com
Zsa Zsa,Lipson,41,developer,TRUE,Zsa Zsa.Lipson@mailmail.com
Lonnie,Herrera,72,HR,TRUE,Lonnie.Herrera@mailmail.com
Maisey,Cath,69,Recruitment,TRUE,Maisey.Cath@mailmail.com
Kara-Lynn,Colleen,57,Recruitment,TRUE,Kara-Lynn.Colleen@mailmail.com
Helsa,Peg,80,HR,FALSE,Helsa.Peg@mailmail.com
Belva,Mata,12,developer,TRUE,Belva.Mata@mailmail.com
Kittie,Barney,98,worker,FALSE,Kittie.Barney@mailmail.com
Correy,Dulciana,52,worker,TRUE,Correy.Dulciana@mailmail.com
Catrina,Olin,7,Developers,FALSE,Catrina.Olin@mailmail.com
Flory,Adrienne,15,developer,TRUE,Flory.Adrienne@mailmail.com
Lucille,Elsinore,85,developer,TRUE,Lucille.Elsinore@mailmail.com
Shirlee,Concha,24,worker,FALSE,Shirlee.Concha@mailmail.com
Arlina,Elisha,6,Recruitment,TRUE,Arlina.Elisha@mailmail.com
Alameda,Natica,70,Developers,TRUE,Alameda.Natica@mailmail.com
Daune,Zuzana,2,Developers,FALSE,Daune.Zuzana@mailmail.com
Wanda,Gamaliel,17,developer,TRUE,Wanda.Gamaliel@mailmail.com
Basia,Swanhildas,83,HR,FALSE,Basia.Swanhildas@mailmail.com
Mildrid,Rurik,13,Recruitment,FALSE,Mildrid.Rurik@mailmail.com
Latisha,Breed,98,worker,TRUE,Latisha.Breed@mailmail.com
Olwen,Duwalt,95,Developers,TRUE,Olwen.Duwalt@mailmail.com
Feliza,Carleen,27,Developers,FALSE,Feliza.Carleen@mailmail.com
Nessie,Chesna,21,developer,TRUE,Nessie.Chesna@mailmail.com
Sharlene,Moseley,6,worker,FALSE,Sharlene.Moseley@mailmail.com
Elise,Hepsibah,5,developer,FALSE,Elise.Hepsibah@mailmail.com
Edee,Evangelia,29,Recruitment,TRUE,Edee.Evangelia@mailmail.com
Lolita,Buffum,91,HR,TRUE,Lolita.Buffum@mailmail.com
Lolita,Robertson,77,Recruitment,FALSE,Lolita.Robertson@mailmail.com
Alejandra,Pip,33,Developers,FALSE,Alejandra.Pip@mailmail.com
Nariko,Telfer,43,HR,FALSE,Nariko.Telfer@mailmail.com
Chloris,August,30,HR,TRUE,Chloris.August@mailmail.com
Drucie,Wadell,2,Recruitment,TRUE,Drucie.Wadell@mailmail.com
Anthia,Pascia,37,Developers,TRUE,Anthia.Pascia@mailmail.com
Lonnie,Merna,84,developer,FALSE,Lonnie.Merna@mailmail.com
Arlina,Loleta,4,worker,FALSE,Arlina.Loleta@mailmail.com
Cyb,Tannie,95,Developers,FALSE,Cyb.Tannie@mailmail.com
Marika,Baudin,73,developer,FALSE,Marika.Baudin@mailmail.com
Delilah,Kiersten,83,worker,FALSE,Delilah.Kiersten@mailmail.com
Ottilie,Allys,60,worker,TRUE,Ottilie.Allys@mailmail.com
Wynne,Bibi,86,Developers,FALSE,Wynne.Bibi@mailmail.com
Janeczka,Suanne,5,Recruitment,FALSE,Janeczka.Suanne@mailmail.com
Britni,Nikaniki,44,worker,TRUE,Britni.Nikaniki@mailmail.com
Tomasina,Revkah,59,Developers,TRUE,Tomasina.Revkah@mailmail.com
Roz,Jess,26,developer,FALSE,Roz.Jess@mailmail.com
Selia,Kare,21,developer,TRUE,Selia.Kare@mailmail.com
Moyna,Georgy,49,worker,FALSE,Moyna.Georgy@mailmail.com
Catrina,Elvyn,42,worker,TRUE,Catrina.Elvyn@mailmail.com
Charissa,Brotherson,38,Recruitment,FALSE,Charissa.Brotherson@mailmail.com
Leona,Sperling,38,Recruitment,TRUE,Leona.Sperling@mailmail.com
Goldie,Leler,4,HR,TRUE,Goldie.Leler@mailmail.com
Tani,Lauraine,5,Recruitment,TRUE,Tani.Lauraine@mailmail.com
Ileana,Bennie,2,Developers,FALSE,Ileana.Bennie@mailmail.com
Desirae,Imelida,23,Developers,FALSE,Desirae.Imelida@mailmail.com
Allis,An,24,Recruitment,FALSE,Allis.An@mailmail.com
Henriette,Sherrie,24,worker,FALSE,Henriette.Sherrie@mailmail.com
Zsa Zsa,Izaak,73,worker,FALSE,Zsa Zsa.Izaak@mailmail.com
Tatiania,Haymes,46,Developers,TRUE,Tatiania.Haymes@mailmail.com
Sallie,Angelis,7,HR,FALSE,Sallie.Angelis@mailmail.com
Philis,Voletta,39,worker,FALSE,Philis.Voletta@mailmail.com
Cyndie,Lattie,73,developer,TRUE,Cyndie.Lattie@mailmail.com
Marylou,Leary,83,HR,FALSE,Marylou.Leary@mailmail.com
Bee,Swanhildas,86,worker,TRUE,Bee.Swanhildas@mailmail.com
Moyna,Faro,100,Developers,FALSE,Moyna.Faro@mailmail.com
Halette,Frendel,12,worker,TRUE,Halette.Frendel@mailmail.com
Phylis,Giule,34,worker,FALSE,Phylis.Giule@mailmail.com
Susette,Bronk,31,Recruitment,TRUE,Susette.Bronk@mailmail.com
Jolyn,Belldas,92,Recruitment,TRUE,Jolyn.Belldas@mailmail.com
Gusty,Phaidra,5,worker,TRUE,Gusty.Phaidra@mailmail.com
Ezmeralda,Holtz,92,HR,TRUE,Ezmeralda.Holtz@mailmail.com
Ginnie,Stevy,48,worker,FALSE,Ginnie.Stevy@mailmail.com
Corry,Hanshaw,99,Developers,TRUE,Corry.Hanshaw@mailmail.com
Carol-Jean,Douglass,72,developer,FALSE,Carol-Jean.Douglass@mailmail.com
Damaris,Valerio,75,worker,TRUE,Damaris.Valerio@mailmail.com
Kristan,Robertson,59,Developers,FALSE,Kristan.Robertson@mailmail.com
Adelle,Franza,64,HR,FALSE,Adelle.Franza@mailmail.com
Krystle,Ietta,1,Recruitment,TRUE,Krystle.Ietta@mailmail.com
Ethel,Voletta,76,worker,TRUE,Ethel.Voletta@mailmail.com
Halette,Dalli,8,worker,TRUE,Halette.Dalli@mailmail.com
Andree,Bluh,49,developer,FALSE,Andree.Bluh@mailmail.com
Siana,Seagraves,2,worker,TRUE,Siana.Seagraves@mailmail.com
Sean,Merat,83,worker,FALSE,Sean.Merat@mailmail.com
Evaleen,Curren,32,HR,TRUE,Evaleen.Curren@mailmail.com
Melanie,Ariella,55,Recruitment,TRUE,Melanie.Ariella@mailmail.com
Lolita,Sherfield,9,Developers,TRUE,Lolita.Sherfield@mailmail.com
Lily,Fennessy,57,Recruitment,TRUE,Lily.Fennessy@mailmail.com
Concettina,Leary,69,developer,TRUE,Concettina.Leary@mailmail.com
Danika,Friede,84,worker,TRUE,Danika.Friede@mailmail.com
Livvyy,Kravits,40,HR,TRUE,Livvyy.Kravits@mailmail.com
Luci,Yoko,76,HR,TRUE,Luci.Yoko@mailmail.com
Verla,Wind,84,worker,TRUE,Verla.Wind@mailmail.com
Emilia,Frodi,87,developer,TRUE,Emilia.Frodi@mailmail.com
Roseline,Ellord,82,Developers,FALSE,Roseline.Ellord@mailmail.com
Beatriz,Mitzi,40,developer,FALSE,Beatriz.Mitzi@mailmail.com
Gavrielle,Goldina,77,Recruitment,FALSE,Gavrielle.Goldina@mailmail.com
Tybie,Desai,18,developer,FALSE,Tybie.Desai@mailmail.com
Monika,Afton,41,Recruitment,TRUE,Monika.Afton@mailmail.com
Dari,Leffen,69,Recruitment,TRUE,Dari.Leffen@mailmail.com
Genovera,Pettiford,69,Developers,TRUE,Genovera.Pettiford@mailmail.com
Pearline,Pitt,58,developer,TRUE,Pearline.Pitt@mailmail.com
Kirstin,Adrienne,42,worker,FALSE,Kirstin.Adrienne@mailmail.com
Dominga,Oster,62,HR,FALSE,Dominga.Oster@mailmail.com
Edyth,Himelman,83,worker,FALSE,Edyth.Himelman@mailmail.com
Carlie,Juan,48,worker,TRUE,Carlie.Juan@mailmail.com
Annice,Marden,60,developer,FALSE,Annice.Marden@mailmail.com
Donnie,Oneida,74,worker,TRUE,Donnie.Oneida@mailmail.com
Estell,Hewitt,78,Recruitment,FALSE,Estell.Hewitt@mailmail.com
Thalia,Frodi,76,Recruitment,TRUE,Thalia.Frodi@mailmail.com
Zsa Zsa,Donoghue,90,worker,FALSE,Zsa Zsa.Donoghue@mailmail.com
Nerta,Kronfeld,37,Recruitment,FALSE,Nerta.Kronfeld@mailmail.com
Doralynne,Allare,17,developer,FALSE,Doralynne.Allare@mailmail.com
Sarette,Seagraves,52,HR,TRUE,Sarette.Seagraves@mailmail.com
Carol-Jean,Bari,83,Developers,TRUE,Carol-Jean.Bari@mailmail.com
Ethel,Parsaye,6,developer,TRUE,Ethel.Parsaye@mailmail.com
Nessie,Judye,62,developer,FALSE,Nessie.Judye@mailmail.com
Gale,Meter,19,worker,FALSE,Gale.Meter@mailmail.com
Sissy,Strephon,31,worker,FALSE,Sissy.Strephon@mailmail.com
Claudina,Madox,42,developer,TRUE,Claudina.Madox@mailmail.com
Tressa,Milde,87,worker,TRUE,Tressa.Milde@mailmail.com
Kalina,Smitt,91,Recruitment,FALSE,Kalina.Smitt@mailmail.com
Vonny,Rillings,10,developer,TRUE,Vonny.Rillings@mailmail.com
Fina,Parsaye,61,Developers,FALSE,Fina.Parsaye@mailmail.com
Raf,Prober,92,developer,TRUE,Raf.Prober@mailmail.com
Jaime,Jerold,90,Developers,TRUE,Jaime.Jerold@mailmail.com
Mamie,Hanleigh,75,Developers,TRUE,Mamie.Hanleigh@mailmail.com
Sophia,Maisey,85,developer,FALSE,Sophia.Maisey@mailmail.com
Clarice,Euridice,7,worker,FALSE,Clarice.Euridice@mailmail.com
Pamella,Knowling,8,Recruitment,FALSE,Pamella.Knowling@mailmail.com
Myrtice,Phyllis,16,Developers,FALSE,Myrtice.Phyllis@mailmail.com
Lynde,Erich,43,worker,TRUE,Lynde.Erich@mailmail.com
Gisela,LaRue,89,worker,FALSE,Gisela.LaRue@mailmail.com
Quintina,Lorenz,37,developer,FALSE,Quintina.Lorenz@mailmail.com
Babita,Hieronymus,41,HR,FALSE,Babita.Hieronymus@mailmail.com
Heddie,Kauppi,7,developer,TRUE,Heddie.Kauppi@mailmail.com
Philis,Hachmin,46,HR,TRUE,Philis.Hachmin@mailmail.com
Perry,Schalles,30,developer,FALSE,Perry.Schalles@mailmail.com
Dari,Wareing,52,Recruitment,TRUE,Dari.Wareing@mailmail.com
Kerrin,Mich,84,Recruitment,TRUE,Kerrin.Mich@mailmail.com
Darci,Sprage,25,Recruitment,FALSE,Darci.Sprage@mailmail.com
Lesly,Wareing,17,Developers,FALSE,Lesly.Wareing@mailmail.com
Kirbee,Waite,37,Recruitment,FALSE,Kirbee.Waite@mailmail.com
Dulce,Orlene,54,Developers,TRUE,Dulce.Orlene@mailmail.com
Eugine,Cleavland,78,developer,FALSE,Eugine.Cleavland@mailmail.com
Mariann,Amasa,59,HR,FALSE,Mariann.Amasa@mailmail.com
Letizia,Raffo,22,worker,TRUE,Letizia.Raffo@mailmail.com
Jany,Hessler,53,HR,FALSE,Jany.Hessler@mailmail.com
Cam,Chick,79,Developers,FALSE,Cam.Chick@mailmail.com
Myriam,Gower,74,Recruitment,FALSE,Myriam.Gower@mailmail.com
Vivia,Ax,72,developer,TRUE,Vivia.Ax@mailmail.com
Kellen,Azeria,90,worker,TRUE,Kellen.Azeria@mailmail.com
Ninnetta,Standing,85,worker,TRUE,Ninnetta.Standing@mailmail.com
Aili,Tannie,8,Developers,FALSE,Aili.Tannie@mailmail.com
Felice,Gerge,69,HR,TRUE,Felice.Gerge@mailmail.com
Daune,Pozzy,81,HR,TRUE,Daune.Pozzy@mailmail.com
Jerry,Dulciana,97,worker,FALSE,Jerry.Dulciana@mailmail.com
Ebonee,Leary,7,Recruitment,TRUE,Ebonee.Leary@mailmail.com
Margette,Fabiola,68,HR,TRUE,Margette.Fabiola@mailmail.com
Nonnah,Irmine,41,worker,TRUE,Nonnah.Irmine@mailmail.com
Brooks,Secrest,14,developer,TRUE,Brooks.Secrest@mailmail.com
Kate,Flyn,42,worker,TRUE,Kate.Flyn@mailmail.com
Lindie,Sasnett,49,Developers,FALSE,Lindie.Sasnett@mailmail.com
Katharina,Vary,50,developer,TRUE,Katharina.Vary@mailmail.com
Almeta,Means,63,worker,FALSE,Almeta.Means@mailmail.com
Vita,Mehalek,89,worker,FALSE,Vita.Mehalek@mailmail.com
Carol-Jean,Cadmar,69,Developers,TRUE,Carol-Jean.Cadmar@mailmail.com
Sheelagh,Annice,35,Recruitment,FALSE,Sheelagh.Annice@mailmail.com
Elka,Leonard,26,HR,FALSE,Elka.Leonard@mailmail.com
Leanna,Colbert,30,worker,FALSE,Leanna.Colbert@mailmail.com
Elvira,Joeann,70,HR,FALSE,Elvira.Joeann@mailmail.com
Lynea,Merna,91,HR,FALSE,Lynea.Merna@mailmail.com
Maud,Niles,95,HR,TRUE,Maud.Niles@mailmail.com
Belinda,Kannry,40,worker,FALSE,Belinda.Kannry@mailmail.com
Nikki,Dowski,4,HR,FALSE,Nikki.Dowski@mailmail.com
Cam,Neva,68,developer,FALSE,Cam.Neva@mailmail.com
Asia,Janene,66,worker,TRUE,Asia.Janene@mailmail.com
Nollie,Saint,88,developer,FALSE,Nollie.Saint@mailmail.com
Raina,Sherrie,51,Developers,TRUE,Raina.Sherrie@mailmail.com
Wanda,Ardeha,32,Recruitment,FALSE,Wanda.Ardeha@mailmail.com
Rhoda,Leler,60,developer,FALSE,Rhoda.Leler@mailmail.com
Myriam,Yuille,1,Developers,FALSE,Myriam.Yuille@mailmail.com
Netty,Dichy,97,HR,FALSE,Netty.Dichy@mailmail.com
Maurene,Libna,88,Developers,TRUE,Maurene.Libna@mailmail.com
Molli,Nance,57,worker,FALSE,Molli.Nance@mailmail.com
Fina,Liebermann,5,HR,FALSE,Fina.Liebermann@mailmail.com
Jorry,Fennessy,68,HR,TRUE,Jorry.Fennessy@mailmail.com
Tatiania,August,91,developer,FALSE,Tatiania.August@mailmail.com
Winifred,Earlie,26,HR,TRUE,Winifred.Earlie@mailmail.com
Joleen,Phyllis,1,HR,TRUE,Joleen.Phyllis@mailmail.com
Kate,Corabella,91,Recruitment,FALSE,Kate.Corabella@mailmail.com
Nicoli,Trey,10,developer,TRUE,Nicoli.Trey@mailmail.com
Felice,Chrystel,58,worker,FALSE,Felice.Chrystel@mailmail.com
Pamella,Sallyann,71,Recruitment,TRUE,Pamella.Sallyann@mailmail.com
Oralee,Rossner,49,developer,FALSE,Oralee.Rossner@mailmail.com
Aryn,Kiyoshi,8,worker,FALSE,Aryn.Kiyoshi@mailmail.com
Glynnis,Maisey,55,worker,TRUE,Glynnis.Maisey@mailmail.com
Wynne,Candy,76,HR,TRUE,Wynne.Candy@mailmail.com
Livvyy,Georgy,60,worker,FALSE,Livvyy.Georgy@mailmail.com
Kylynn,Voletta,32,HR,TRUE,Kylynn.Voletta@mailmail.com
Rosabelle,Forrer,24,Recruitment,TRUE,Rosabelle.Forrer@mailmail.com
Christal,Jacinda,74,worker,TRUE,Christal.Jacinda@mailmail.com
Kelly,Tamsky,54,developer,TRUE,Kelly.Tamsky@mailmail.com
Eugine,Sherrie,35,Recruitment,TRUE,Eugine.Sherrie@mailmail.com
Alia,Milde,66,HR,TRUE,Alia.Milde@mailmail.com
Ariela,Anselmi,40,developer,FALSE,Ariela.Anselmi@mailmail.com
Daphne,Sadowski,81,HR,FALSE,Daphne.Sadowski@mailmail.com
Lisette,Fennessy,99,HR,TRUE,Lisette.Fennessy@mailmail.com
Kary,Jammal,29,worker,TRUE,Kary.Jammal@mailmail.com
Claudina,Hull,84,Developers,FALSE,Claudina.Hull@mailmail.com
Lesly,Meter,55,worker,FALSE,Lesly.Meter@mailmail.com
Anthia,Brieta,63,Developers,TRUE,Anthia.Brieta@mailmail.com
Florie,Alfons,31,worker,TRUE,Florie.Alfons@mailmail.com
Brietta,Sheedy,57,worker,FALSE,Brietta.Sheedy@mailmail.com
Agathe,Mitzi,59,developer,FALSE,Agathe.Mitzi@mailmail.com
Modestia,Nicoline,35,HR,TRUE,Modestia.Nicoline@mailmail.com
Betta,Halla,61,HR,FALSE,Betta.Halla@mailmail.com
Helena,Gower,25,Developers,FALSE,Helena.Gower@mailmail.com
Nicoli,Charity,70,HR,FALSE,Nicoli.Charity@mailmail.com
Cherilyn,Sundin,15,Recruitment,TRUE,Cherilyn.Sundin@mailmail.com
Elie,Tound,70,Developers,FALSE,Elie.Tound@mailmail.com
Harrietta,Loleta,87,HR,TRUE,Harrietta.Loleta@mailmail.com
Queenie,Toor,75,HR,TRUE,Queenie.Toor@mailmail.com
Raina,Katrine,8,worker,TRUE,Raina.Katrine@mailmail.com
Sadie,Goddard,23,Developers,FALSE,Sadie.Goddard@mailmail.com
Chrystel,Kaete,61,Developers,FALSE,Chrystel.Kaete@mailmail.com
Kassey,Montgomery,44,HR,FALSE,Kassey.Montgomery@mailmail.com
Kenna,Roxanna,99,worker,FALSE,Kenna.Roxanna@mailmail.com
Albertina,Dominy,5,developer,FALSE,Albertina.Dominy@mailmail.com
Kamilah,Brotherson,15,developer,TRUE,Kamilah.Brotherson@mailmail.com
Brietta,Kunin,17,Recruitment,FALSE,Brietta.Kunin@mailmail.com
Mureil,Kauppi,71,HR,TRUE,Mureil.Kauppi@mailmail.com
Rebeca,Guildroy,6,worker,FALSE,Rebeca.Guildroy@mailmail.com
Bernie,Marlie,3,developer,FALSE,Bernie.Marlie@mailmail.com
Letizia,Myrilla,26,Recruitment,FALSE,Letizia.Myrilla@mailmail.com
Aaren,Calhoun,29,Developers,FALSE,Aaren.Calhoun@mailmail.com
Marita,Barbey,66,Developers,FALSE,Marita.Barbey@mailmail.com
Daune,Alarise,24,HR,TRUE,Daune.Alarise@mailmail.com
Sonni,Wooster,45,HR,TRUE,Sonni.Wooster@mailmail.com
Cam,Ciapas,19,developer,TRUE,Cam.Ciapas@mailmail.com
Mireielle,Lorenz,90,HR,FALSE,Mireielle.Lorenz@mailmail.com
Jacenta,Heisel,53,Recruitment,TRUE,Jacenta.Heisel@mailmail.com
Anica,Gusella,97,Recruitment,FALSE,Anica.Gusella@mailmail.com
Sue,Curren,39,HR,TRUE,Sue.Curren@mailmail.com
Bill,Amadas,66,HR,FALSE,Bill.Amadas@mailmail.com
Gwenneth,Suk,10,worker,FALSE,Gwenneth.Suk@mailmail.com
Yvonne,Yoko,33,HR,FALSE,Yvonne.Yoko@mailmail.com
Charissa,Minetta,32,Developers,FALSE,Charissa.Minetta@mailmail.com
Fanny,Breed,47,HR,FALSE,Fanny.Breed@mailmail.com
Margette,Stuart,65,developer,FALSE,Margette.Stuart@mailmail.com
Tiffie,Afton,17,Recruitment,FALSE,Tiffie.Afton@mailmail.com
Deirdre,Justinn,47,developer,FALSE,Deirdre.Justinn@mailmail.com
Tomasina,Auberbach,91,Recruitment,TRUE,Tomasina.Auberbach@mailmail.com
Anthia,Korey,35,HR,FALSE,Anthia.Korey@mailmail.com
Jenda,Quent,57,worker,TRUE,Jenda.Quent@mailmail.com
Libbie,Juan,4,worker,TRUE,Libbie.Juan@mailmail.com
Anica,Vacuva,77,Developers,FALSE,Anica.Vacuva@mailmail.com
Modestia,Faust,53,Developers,FALSE,Modestia.Faust@mailmail.com
Flo,Waite,90,HR,TRUE,Flo.Waite@mailmail.com
Lanae,Roarke,75,Developers,FALSE,Lanae.Roarke@mailmail.com
Jinny,Poppy,39,Recruitment,FALSE,Jinny.Poppy@mailmail.com
Delilah,Gladstone,60,HR,TRUE,Delilah.Gladstone@mailmail.com
Gabi,Sigfrid,19,worker,TRUE,Gabi.Sigfrid@mailmail.com
Perry,Hourigan,38,developer,FALSE,Perry.Hourigan@mailmail.com
Tani,Dulciana,7,worker,FALSE,Tani.Dulciana@mailmail.com
Latisha,Brodench,8,developer,FALSE,Latisha.Brodench@mailmail.com
Ernesta,Susannah,87,Developers,TRUE,Ernesta.Susannah@mailmail.com
Lesly,Fontana,30,HR,FALSE,Lesly.Fontana@mailmail.com
Addia,Bollay,39,HR,FALSE,Addia.Bollay@mailmail.com
Elise,Maples,54,developer,FALSE,Elise.Maples@mailmail.com
Ursulina,Hewitt,1,Developers,TRUE,Ursulina.Hewitt@mailmail.com
Marti,Weitman,4,Recruitment,TRUE,Marti.Weitman@mailmail.com
Feliza,Darian,22,HR,FALSE,Feliza.Darian@mailmail.com
Helena,Norvol,94,HR,FALSE,Helena.Norvol@mailmail.com
Vanessa,Joachim,80,developer,FALSE,Vanessa.Joachim@mailmail.com
Elise,Fosque,52,worker,TRUE,Elise.Fosque@mailmail.com
Rosene,Francyne,97,Recruitment,TRUE,Rosene.Francyne@mailmail.com
Gusty,Primalia,16,worker,TRUE,Gusty.Primalia@mailmail.com
Caritta,Kazimir,15,developer,FALSE,Caritta.Kazimir@mailmail.com
Minne,Fitzsimmons,84,developer,TRUE,Minne.Fitzsimmons@mailmail.com
Nita,Zamora,78,Developers,TRUE,Nita.Zamora@mailmail.com
Joleen,Lynn,58,HR,TRUE,Joleen.Lynn@mailmail.com
Kylynn,Hepsibah,54,Developers,FALSE,Kylynn.Hepsibah@mailmail.com
Rosanne,Havens,88,worker,TRUE,Rosanne.Havens@mailmail.com
Ethel,Lilybelle,78,Recruitment,FALSE,Ethel.Lilybelle@mailmail.com
Misha,Grimbly,50,Recruitment,FALSE,Misha.Grimbly@mailmail.com
Gabi,Chandler,94,Recruitment,TRUE,Gabi.Chandler@mailmail.com
Carly,Whiffen,86,Developers,FALSE,Carly.Whiffen@mailmail.com
Kalina,O'Neill,28,Developers,TRUE,Kalina.O'Neill@mailmail.com
Alexine,Erlandson,36,worker,TRUE,Alexine.Erlandson@mailmail.com
Netty,Huggins,70,Recruitment,FALSE,Netty.Huggins@mailmail.com
Ezmeralda,Kat,39,HR,TRUE,Ezmeralda.Kat@mailmail.com
Ira,Chaing,90,Developers,FALSE,Ira.Chaing@mailmail.com
Kaia,Milson,23,Recruitment,FALSE,Kaia.Milson@mailmail.com
Aaren,Fax,81,Recruitment,FALSE,Aaren.Fax@mailmail.com
Aimil,Iaverne,65,developer,FALSE,Aimil.Iaverne@mailmail.com
Kaia,Callista,100,HR,TRUE,Kaia.Callista@mailmail.com
Gusella,Ferrell,16,Developers,TRUE,Gusella.Ferrell@mailmail.com
Cordi,Albertine,25,Recruitment,FALSE,Cordi.Albertine@mailmail.com
Bertine,Rad,66,Developers,TRUE,Bertine.Rad@mailmail.com
Halette,Toni,56,Developers,TRUE,Halette.Toni@mailmail.com
Mireielle,Oriana,93,developer,FALSE,Mireielle.Oriana@mailmail.com
Ricky,Garrison,80,developer,FALSE,Ricky.Garrison@mailmail.com
Iseabal,Romelda,54,Developers,FALSE,Iseabal.Romelda@mailmail.com
Vivia,Sibyls,48,Developers,FALSE,Vivia.Sibyls@mailmail.com
Dari,Malina,7,worker,TRUE,Dari.Malina@mailmail.com
Joeann,Isacco,93,worker,TRUE,Joeann.Isacco@mailmail.com
Mamie,Alva,98,HR,FALSE,Mamie.Alva@mailmail.com
Aeriela,Clywd,75,Developers,FALSE,Aeriela.Clywd@mailmail.com
Cam,Allys,95,Developers,FALSE,Cam.Allys@mailmail.com
Sabina,An,56,worker,TRUE,Sabina.An@mailmail.com
Hayley,Shama,50,worker,TRUE,Hayley.Shama@mailmail.com
Cherrita,Smitt,25,worker,FALSE,Cherrita.Smitt@mailmail.com
Jenda,Vharat,32,worker,TRUE,Jenda.Vharat@mailmail.com
Caritta,Azeria,51,worker,FALSE,Caritta.Azeria@mailmail.com
Gabriellia,Sperling,49,developer,TRUE,Gabriellia.Sperling@mailmail.com
Marleah,Dowski,10,worker,FALSE,Marleah.Dowski@mailmail.com
Brynna,Ramona,15,Recruitment,FALSE,Brynna.Ramona@mailmail.com
Ayn,Lacombe,44,worker,FALSE,Ayn.Lacombe@mailmail.com
Dione,Florina,59,Developers,FALSE,Dione.Florina@mailmail.com
Lindie,Aurelio,68,Developers,FALSE,Lindie.Aurelio@mailmail.com
Lanna,Ajay,70,developer,TRUE,Lanna.Ajay@mailmail.com
Jaclyn,Prober,86,Developers,FALSE,Jaclyn.Prober@mailmail.com
Starla,Marsden,2,worker,TRUE,Starla.Marsden@mailmail.com
Farrah,Wadell,27,developer,FALSE,Farrah.Wadell@mailmail.com
Tonia,Faust,75,Developers,TRUE,Tonia.Faust@mailmail.com
Zia,Rhu,6,Developers,TRUE,Zia.Rhu@mailmail.com
Cherrita,Tound,49,HR,FALSE,Cherrita.Tound@mailmail.com
Tatiania,Gualtiero,74,HR,TRUE,Tatiania.Gualtiero@mailmail.com
Britni,Gordon,93,HR,FALSE,Britni.Gordon@mailmail.com
Di,Gualtiero,73,developer,TRUE,Di.Gualtiero@mailmail.com
Ursulina,Marsden,55,Recruitment,FALSE,Ursulina.Marsden@mailmail.com
Jenda,Love,74,worker,FALSE,Jenda.Love@mailmail.com
Collen,Astra,36,Recruitment,FALSE,Collen.Astra@mailmail.com
Joceline,Billye,15,Developers,TRUE,Joceline.Billye@mailmail.com
Susette,Edee,32,Recruitment,TRUE,Susette.Edee@mailmail.com
Sam,Infield,84,Developers,TRUE,Sam.Infield@mailmail.com
Carilyn,Tengdin,55,Recruitment,TRUE,Carilyn.Tengdin@mailmail.com
Darci,Nikaniki,59,Developers,TRUE,Darci.Nikaniki@mailmail.com
Dennie,Florina,55,HR,TRUE,Dennie.Florina@mailmail.com
Etta,Celestine,26,Recruitment,TRUE,Etta.Celestine@mailmail.com
Kassey,Glenden,22,developer,FALSE,Kassey.Glenden@mailmail.com
Lilith,Zeeba,3,Developers,TRUE,Lilith.Zeeba@mailmail.com
Sybille,Kalinda,36,Developers,TRUE,Sybille.Kalinda@mailmail.com
Elie,Markman,18,Recruitment,TRUE,Elie.Markman@mailmail.com
Rori,Publia,90,developer,TRUE,Rori.Publia@mailmail.com
Dawn,Persse,28,worker,FALSE,Dawn.Persse@mailmail.com
Britte,Engdahl,21,Developers,FALSE,Britte.Engdahl@mailmail.com
Adriana,Tjon,63,Developers,FALSE,Adriana.Tjon@mailmail.com
Sean,Norvol,68,HR,FALSE,Sean.Norvol@mailmail.com
Gabi,Kazimir,70,Developers,TRUE,Gabi.Kazimir@mailmail.com
Lacie,Khorma,63,developer,TRUE,Lacie.Khorma@mailmail.com
Christian,Maryanne,8,worker,TRUE,Christian.Maryanne@mailmail.com
Georgetta,Beniamino,4,Recruitment,FALSE,Georgetta.Beniamino@mailmail.com
Chloris,Devlen,49,developer,FALSE,Chloris.Devlen@mailmail.com
Henriette,Brian,92,Developers,FALSE,Henriette.Brian@mailmail.com
Justinn,Kare,17,HR,TRUE,Justinn.Kare@mailmail.com
Cyb,Decato,84,HR,TRUE,Cyb.Decato@mailmail.com
Adele,Clara,30,HR,FALSE,Adele.Clara@mailmail.com
Carolina,Prouty,3,developer,TRUE,Carolina.Prouty@mailmail.com
Cecile,Margarete,8,Developers,TRUE,Cecile.Margarete@mailmail.com
Korrie,Kannry,11,worker,TRUE,Korrie.Kannry@mailmail.com
Vere,Iaverne,68,worker,TRUE,Vere.Iaverne@mailmail.com
Roslyn,Drus,8,worker,FALSE,Roslyn.Drus@mailmail.com
Gale,Devlen,35,Recruitment,FALSE,Gale.Devlen@mailmail.com
Joeann,Kendrick,34,Developers,TRUE,Joeann.Kendrick@mailmail.com
Nananne,Wooster,48,worker,TRUE,Nananne.Wooster@mailmail.com
Nariko,Dorcy,54,developer,FALSE,Nariko.Dorcy@mailmail.com
Leeanne,Tice,67,Developers,TRUE,Leeanne.Tice@mailmail.com
Moyna,Adrienne,88,HR,TRUE,Moyna.Adrienne@mailmail.com
Joelly,Dorcy,34,Recruitment,FALSE,Joelly.Dorcy@mailmail.com
Jacquetta,Ramona,4,HR,FALSE,Jacquetta.Ramona@mailmail.com
Caressa,Sacken,65,worker,TRUE,Caressa.Sacken@mailmail.com
Shirlee,Wind,16,Developers,TRUE,Shirlee.Wind@mailmail.com
Mireielle,Killigrew,61,Recruitment,TRUE,Mireielle.Killigrew@mailmail.com
Cathyleen,Stefa,7,HR,TRUE,Cathyleen.Stefa@mailmail.com
Misha,Wyn,56,developer,FALSE,Misha.Wyn@mailmail.com
Amelia,Redmond,54,worker,FALSE,Amelia.Redmond@mailmail.com
Joleen,Libna,56,developer,TRUE,Joleen.Libna@mailmail.com
Dari,Burkle,28,HR,FALSE,Dari.Burkle@mailmail.com
Carolina,Kaja,20,worker,TRUE,Carolina.Kaja@mailmail.com
Fanchon,Nunci,42,HR,TRUE,Fanchon.Nunci@mailmail.com
Georgina,Smitt,32,Recruitment,FALSE,Georgina.Smitt@mailmail.com
Lauryn,Chaing,89,worker,FALSE,Lauryn.Chaing@mailmail.com
Stephanie,Peti,59,Developers,TRUE,Stephanie.Peti@mailmail.com
Orelia,Hermes,88,HR,FALSE,Orelia.Hermes@mailmail.com
Damaris,Dowski,20,developer,TRUE,Damaris.Dowski@mailmail.com
Maisey,Dunkin,96,Developers,TRUE,Maisey.Dunkin@mailmail.com
Atlanta,Craggie,49,Developers,TRUE,Atlanta.Craggie@mailmail.com
Juliane,Kristi,21,worker,FALSE,Juliane.Kristi@mailmail.com
Madalyn,Bakerman,72,worker,TRUE,Madalyn.Bakerman@mailmail.com
Lisette,Felizio,51,Recruitment,TRUE,Lisette.Felizio@mailmail.com
Raf,Sandye,28,Developers,TRUE,Raf.Sandye@mailmail.com
Viviene,Lymann,34,Recruitment,TRUE,Viviene.Lymann@mailmail.com
Sonni,Nahum,66,Developers,TRUE,Sonni.Nahum@mailmail.com
Nikki,Lauraine,59,Recruitment,FALSE,Nikki.Lauraine@mailmail.com
Cyndie,Voletta,9,HR,TRUE,Cyndie.Voletta@mailmail.com
Dania,Keelia,34,developer,FALSE,Dania.Keelia@mailmail.com
Veda,Darbie,23,HR,TRUE,Veda.Darbie@mailmail.com
Juliane,Milde,39,HR,TRUE,Juliane.Milde@mailmail.com
Carol-Jean,Whittaker,55,Recruitment,TRUE,Carol-Jean.Whittaker@mailmail.com
Raquela,Posner,13,Developers,FALSE,Raquela.Posner@mailmail.com
Sharai,Argus,42,worker,TRUE,Sharai.Argus@mailmail.com
Esmeralda,Tiffa,50,worker,TRUE,Esmeralda.Tiffa@mailmail.com
Sandie,Dominy,80,Developers,FALSE,Sandie.Dominy@mailmail.com
Alex,Vastah,83,developer,TRUE,Alex.Vastah@mailmail.com
Odessa,Abbot,75,HR,FALSE,Odessa.Abbot@mailmail.com
Justinn,Letsou,49,Developers,FALSE,Justinn.Letsou@mailmail.com
Sara-Ann,Estella,93,developer,TRUE,Sara-Ann.Estella@mailmail.com
Kerrin,Klotz,74,HR,FALSE,Kerrin.Klotz@mailmail.com
Merle,Georgy,69,worker,FALSE,Merle.Georgy@mailmail.com
Jacenta,Fiann,63,Developers,FALSE,Jacenta.Fiann@mailmail.com
Arlena,Rodmann,30,Developers,FALSE,Arlena.Rodmann@mailmail.com
Tamqrah,Timon,56,developer,TRUE,Tamqrah.Timon@mailmail.com
Cyb,Ardeha,45,Developers,FALSE,Cyb.Ardeha@mailmail.com
Lorie,Bigner,57,worker,FALSE,Lorie.Bigner@mailmail.com
Jasmina,Madelene,60,Developers,FALSE,Jasmina.Madelene@mailmail.com
Alyda,Camden,70,Developers,FALSE,Alyda.Camden@mailmail.com
Dode,Israeli,51,Developers,FALSE,Dode.Israeli@mailmail.com
Inga,Himelman,67,HR,TRUE,Inga.Himelman@mailmail.com
Lila,Bashemeth,25,developer,TRUE,Lila.Bashemeth@mailmail.com
Imojean,Paton,57,HR,FALSE,Imojean.Paton@mailmail.com
Merry,Durware,10,Developers,FALSE,Merry.Durware@mailmail.com
Shaine,Suzetta,11,Developers,FALSE,Shaine.Suzetta@mailmail.com
Darlleen,Keily,49,Recruitment,FALSE,Darlleen.Keily@mailmail.com
Jolyn,Alabaster,53,Recruitment,TRUE,Jolyn.Alabaster@mailmail.com
Kirstin,Isacco,13,worker,FALSE,Kirstin.Isacco@mailmail.com
Dorothy,Penelopa,27,Recruitment,TRUE,Dorothy.Penelopa@mailmail.com
Brandise,Zola,68,HR,FALSE,Brandise.Zola@mailmail.com
Belinda,Poll,9,Developers,FALSE,Belinda.Poll@mailmail.com
Alie,Vacuva,42,Developers,FALSE,Alie.Vacuva@mailmail.com
Violet,Munn,22,Developers,TRUE,Violet.Munn@mailmail.com
Verla,Kamaria,1,developer,TRUE,Verla.Kamaria@mailmail.com
Clarice,Ahab,87,worker,FALSE,Clarice.Ahab@mailmail.com
Orelia,Ajay,33,Developers,FALSE,Orelia.Ajay@mailmail.com
Ardeen,Wandie,95,developer,TRUE,Ardeen.Wandie@mailmail.com
Bobinette,Sasnett,17,Developers,TRUE,Bobinette.Sasnett@mailmail.com
Kore,Pitt,90,HR,FALSE,Kore.Pitt@mailmail.com
Gaylene,Izaak,72,developer,TRUE,Gaylene.Izaak@mailmail.com
Tressa,Ariella,61,Recruitment,FALSE,Tressa.Ariella@mailmail.com
Elise,Gert,89,Developers,FALSE,Elise.Gert@mailmail.com
Kimberley,Cornelia,5,worker,FALSE,Kimberley.Cornelia@mailmail.com
Amii,Ethban,94,HR,FALSE,Amii.Ethban@mailmail.com
Karlee,Garrison,22,Recruitment,FALSE,Karlee.Garrison@mailmail.com
Fanchon,Ciapas,4,Recruitment,FALSE,Fanchon.Ciapas@mailmail.com
Lynea,Phyllis,51,developer,TRUE,Lynea.Phyllis@mailmail.com
Zondra,Brunell,28,worker,FALSE,Zondra.Brunell@mailmail.com
Modestia,Yorick,94,Developers,FALSE,Modestia.Yorick@mailmail.com
Nessie,Heidt,18,HR,FALSE,Nessie.Heidt@mailmail.com
Clary,Verger,8,HR,FALSE,Clary.Verger@mailmail.com
Anica,Longfellow,71,HR,FALSE,Anica.Longfellow@mailmail.com
Alex,Tjon,42,HR,FALSE,Alex.Tjon@mailmail.com
Mathilda,Vittoria,39,Recruitment,TRUE,Mathilda.Vittoria@mailmail.com
Lenna,Merriott,100,Recruitment,TRUE,Lenna.Merriott@mailmail.com
Brianna,Bebe,83,developer,TRUE,Brianna.Bebe@mailmail.com
Chickie,Dash,98,HR,FALSE,Chickie.Dash@mailmail.com
Tarra,Jeanne,44,worker,TRUE,Tarra.Jeanne@mailmail.com
Elka,Giff,82,Developers,FALSE,Elka.Giff@mailmail.com
Ninnetta,Lenny,80,HR,FALSE,Ninnetta.Lenny@mailmail.com
Alleen,Agle,15,Recruitment,FALSE,Alleen.Agle@mailmail.com
Annabela,Fancie,15,HR,TRUE,Annabela.Fancie@mailmail.com
Kaia,Abernon,86,Developers,TRUE,Kaia.Abernon@mailmail.com
Selma,Ursulette,4,worker,FALSE,Selma.Ursulette@mailmail.com
Viki,Zamora,97,HR,FALSE,Viki.Zamora@mailmail.com
Annabela,Bord,98,developer,TRUE,Annabela.Bord@mailmail.com
Tabbatha,Aurelio,15,developer,FALSE,Tabbatha.Aurelio@mailmail.com
Sheree,Camden,62,HR,TRUE,Sheree.Camden@mailmail.com
Carlie,Selway,39,worker,FALSE,Carlie.Selway@mailmail.com
Suzette,Plato,95,developer,FALSE,Suzette.Plato@mailmail.com
Annora,Deegan,71,Developers,FALSE,Annora.Deegan@mailmail.com
Caryl,Zeeba,78,Developers,FALSE,Caryl.Zeeba@mailmail.com
Karlee,Hertzfeld,36,worker,TRUE,Karlee.Hertzfeld@mailmail.com
Malina,Raseda,10,worker,FALSE,Malina.Raseda@mailmail.com
Carmela,Breed,64,HR,TRUE,Carmela.Breed@mailmail.com
Modestia,Weaks,81,worker,TRUE,Modestia.Weaks@mailmail.com
Jenilee,Chaing,47,worker,FALSE,Jenilee.Chaing@mailmail.com
Daphne,Wooster,16,Recruitment,FALSE,Daphne.Wooster@mailmail.com
Myrtice,Schalles,95,Developers,TRUE,Myrtice.Schalles@mailmail.com
Tracey,Devlen,17,developer,TRUE,Tracey.Devlen@mailmail.com
Rayna,Maroney,9,worker,TRUE,Rayna.Maroney@mailmail.com
Rosabelle,Ahab,19,HR,FALSE,Rosabelle.Ahab@mailmail.com
Oralee,Kinnard,35,Recruitment,FALSE,Oralee.Kinnard@mailmail.com
Adelle,Naor,58,Recruitment,TRUE,Adelle.Naor@mailmail.com
Vinita,Clara,7,Recruitment,FALSE,Vinita.Clara@mailmail.com
Rhoda,Hanleigh,93,Developers,TRUE,Rhoda.Hanleigh@mailmail.com
Brana,Couture,50,Recruitment,FALSE,Brana.Couture@mailmail.com
Selma,Cornelia,75,Recruitment,FALSE,Selma.Cornelia@mailmail.com
Merci,Gahl,68,worker,TRUE,Merci.Gahl@mailmail.com
Bettine,Brenn,73,HR,TRUE,Bettine.Brenn@mailmail.com
Sheelagh,Standing,35,Recruitment,TRUE,Sheelagh.Standing@mailmail.com
Gretal,Alabaster,13,HR,FALSE,Gretal.Alabaster@mailmail.com
Gilda,Pettiford,48,Recruitment,FALSE,Gilda.Pettiford@mailmail.com
Dolli,Frodi,2,developer,TRUE,Dolli.Frodi@mailmail.com
Annabela,Sikorski,55,Developers,TRUE,Annabela.Sikorski@mailmail.com
Ada,Randene,13,worker,FALSE,Ada.Randene@mailmail.com
Alyssa,Iaverne,27,HR,TRUE,Alyssa.Iaverne@mailmail.com
Wileen,Amand,19,worker,FALSE,Wileen.Amand@mailmail.com
Maud,Atonsah,99,worker,TRUE,Maud.Atonsah@mailmail.com
Josephine,Desai,52,Developers,TRUE,Josephine.Desai@mailmail.com
Kimmy,Ajay,52,HR,TRUE,Kimmy.Ajay@mailmail.com
Layla,Campball,50,Developers,TRUE,Layla.Campball@mailmail.com
Kathi,Junie,41,Developers,TRUE,Kathi.Junie@mailmail.com
Clarice,Jacobah,26,Recruitment,TRUE,Clarice.Jacobah@mailmail.com
Xylina,Fink,58,HR,TRUE,Xylina.Fink@mailmail.com
Trudie,Margarete,48,Recruitment,TRUE,Trudie.Margarete@mailmail.com
Florencia,Linehan,86,Recruitment,FALSE,Florencia.Linehan@mailmail.com
Rayna,Alarise,93,HR,FALSE,Rayna.Alarise@mailmail.com
Paola,Konyn,8,worker,FALSE,Paola.Konyn@mailmail.com
Esmeralda,Melony,90,worker,TRUE,Esmeralda.Melony@mailmail.com
Britte,Brackely,16,worker,TRUE,Britte.Brackely@mailmail.com
Goldie,Xerxes,31,Developers,TRUE,Goldie.Xerxes@mailmail.com
Renae,Heisel,32,HR,TRUE,Renae.Heisel@mailmail.com
Phylis,Bergman,62,HR,TRUE,Phylis.Bergman@mailmail.com
Jasmina,Yusuk,78,Recruitment,FALSE,Jasmina.Yusuk@mailmail.com
Dulce,Olin,35,worker,TRUE,Dulce.Olin@mailmail.com
Hallie,Chick,59,Recruitment,TRUE,Hallie.Chick@mailmail.com
Myriam,Gaal,54,worker,FALSE,Myriam.Gaal@mailmail.com
Deloria,Schenck,16,HR,FALSE,Deloria.Schenck@mailmail.com
Jessamyn,Havens,30,worker,FALSE,Jessamyn.Havens@mailmail.com
Audrie,Parsaye,67,Developers,TRUE,Audrie.Parsaye@mailmail.com
Beverley,Zina,16,Developers,FALSE,Beverley.Zina@mailmail.com
Letizia,Erb,45,Recruitment,FALSE,Letizia.Erb@mailmail.com
Elbertina,Buffum,38,developer,FALSE,Elbertina.Buffum@mailmail.com
Livvyy,Brenn,67,HR,TRUE,Livvyy.Brenn@mailmail.com
Lorenza,Brittani,11,HR,FALSE,Lorenza.Brittani@mailmail.com
Paule,Macey,62,HR,FALSE,Paule.Macey@mailmail.com
Carmencita,Cullin,86,developer,TRUE,Carmencita.Cullin@mailmail.com
Katuscha,Atcliffe,81,developer,FALSE,Katuscha.Atcliffe@mailmail.com
Isa,Karna,55,developer,TRUE,Isa.Karna@mailmail.com
Jasmina,Phyllis,41,Recruitment,FALSE,Jasmina.Phyllis@mailmail.com
Marinna,Dex,69,Recruitment,FALSE,Marinna.Dex@mailmail.com
Marika,Wenoa,79,HR,FALSE,Marika.Wenoa@mailmail.com
Tarra,Vilma,12,worker,TRUE,Tarra.Vilma@mailmail.com
Linet,Chapland,89,HR,TRUE,Linet.Chapland@mailmail.com
Roseline,Wyn,35,HR,FALSE,Roseline.Wyn@mailmail.com
Madelle,Grobe,27,worker,FALSE,Madelle.Grobe@mailmail.com
Janeczka,Kalinda,40,HR,FALSE,Janeczka.Kalinda@mailmail.com
Stephanie,Lamoree,81,Developers,TRUE,Stephanie.Lamoree@mailmail.com
Jemie,Pyle,1,worker,TRUE,Jemie.Pyle@mailmail.com
Raf,Guthrie,32,worker,TRUE,Raf.Guthrie@mailmail.com
Rhoda,Jess,3,worker,FALSE,Rhoda.Jess@mailmail.com
Lisette,Abram,95,developer,FALSE,Lisette.Abram@mailmail.com
Penelopa,Harriman,15,Developers,FALSE,Penelopa.Harriman@mailmail.com
Eugine,Leary,86,Developers,TRUE,Eugine.Leary@mailmail.com
Caressa,Bach,19,Developers,FALSE,Caressa.Bach@mailmail.com
Viki,Konyn,76,HR,FALSE,Viki.Konyn@mailmail.com
Linzy,Woodberry,18,worker,TRUE,Linzy.Woodberry@mailmail.com
Joane,Ezar,16,Recruitment,TRUE,Joane.Ezar@mailmail.com
Carolina,Celestine,89,worker,FALSE,Carolina.Celestine@mailmail.com
Valera,Adlare,27,Recruitment,FALSE,Valera.Adlare@mailmail.com
Petronia,Sinegold,76,worker,FALSE,Petronia.Sinegold@mailmail.com
Chastity,Hebner,99,Recruitment,TRUE,Chastity.Hebner@mailmail.com
Tomasina,Lane,42,Developers,TRUE,Tomasina.Lane@mailmail.com
Nonnah,Etom,48,worker,FALSE,Nonnah.Etom@mailmail.com
Georgina,Juliet,6,HR,FALSE,Georgina.Juliet@mailmail.com
Marita,Scammon,47,HR,TRUE,Marita.Scammon@mailmail.com
Jan,Marden,36,worker,TRUE,Jan.Marden@mailmail.com
Madalyn,Dominy,47,developer,FALSE,Madalyn.Dominy@mailmail.com
Ira,Berl,90,developer,TRUE,Ira.Berl@mailmail.com
Sara-Ann,Garek,41,HR,TRUE,Sara-Ann.Garek@mailmail.com
Lyssa,Durware,29,HR,TRUE,Lyssa.Durware@mailmail.com
Pamella,Aloise,29,HR,TRUE,Pamella.Aloise@mailmail.com
Malina,Pillsbury,7,HR,FALSE,Malina.Pillsbury@mailmail.com
Ivett,Belanger,74,developer,TRUE,Ivett.Belanger@mailmail.com
Inga,Nadia,51,worker,FALSE,Inga.Nadia@mailmail.com
Ayn,Huggins,72,Developers,TRUE,Ayn.Huggins@mailmail.com
Lanae,Fairweather,7,worker,FALSE,Lanae.Fairweather@mailmail.com
Cindelyn,Zola,77,Developers,FALSE,Cindelyn.Zola@mailmail.com
Roslyn,Malvino,72,Developers,FALSE,Roslyn.Malvino@mailmail.com
Agnese,Tacye,28,developer,TRUE,Agnese.Tacye@mailmail.com
Sheelagh,Larochelle,61,worker,TRUE,Sheelagh.Larochelle@mailmail.com
Aubrie,Madaih,6,Developers,TRUE,Aubrie.Madaih@mailmail.com
Brana,Nedrud,30,Recruitment,FALSE,Brana.Nedrud@mailmail.com
Beth,Chauncey,38,Recruitment,FALSE,Beth.Chauncey@mailmail.com
Alyda,Lenny,65,Developers,TRUE,Alyda.Lenny@mailmail.com
Lilith,Gaulin,29,developer,FALSE,Lilith.Gaulin@mailmail.com
Madelle,Ursulette,82,Developers,FALSE,Madelle.Ursulette@mailmail.com
Ninnetta,Jammal,5,Recruitment,FALSE,Ninnetta.Jammal@mailmail.com
Aimil,Si,58,Developers,TRUE,Aimil.Si@mailmail.com
Lita,Rogerio,7,Developers,FALSE,Lita.Rogerio@mailmail.com
Jordan,Fairweather,55,developer,FALSE,Jordan.Fairweather@mailmail.com
Cacilie,Diann,94,developer,FALSE,Cacilie.Diann@mailmail.com
Raf,Freddi,52,HR,FALSE,Raf.Freddi@mailmail.com
Modestia,Pillsbury,43,Developers,FALSE,Modestia.Pillsbury@mailmail.com
Adriana,Earlie,8,developer,TRUE,Adriana.Earlie@mailmail.com